loss,accuracy,val_loss,val_accuracy
0.94828861951828,0.4741586446762085,0.7148004174232483,0.42457932233810425
0.8299496173858643,0.46221452951431274,0.6950433254241943,0.4287860691547394
0.753309965133667,0.46567007899284363,0.6874141097068787,0.42698317766189575
0.7377557754516602,0.4637920558452606,0.6841593980789185,0.4233773946762085
0.7257456183433533,0.46506911516189575,0.6858270168304443,0.42157453298568726
