loss,accuracy,val_loss,val_accuracy
0.3110659718513489,0.8644831776618958,0.10690796375274658,0.9609375
0.09970009326934814,0.9651442170143127,0.07504220306873322,0.9768629670143127
0.06201063096523285,0.9803184866905212,0.07274451106786728,0.9762620329856873
0.04038416966795921,0.9864783883094788,0.06548213213682175,0.9810696840286255
0.0334540531039238,0.9888821840286255,0.07015306502580643,0.977463960647583
