loss,accuracy,val_loss,val_accuracy
0.6809027194976807,0.5621243715286255,0.6706953644752502,0.5913461446762085
0.6731132864952087,0.5749699473381042,0.6697070598602295,0.5895432829856873
0.6693925261497498,0.5813551545143127,0.6641817688941956,0.5958533883094788
0.6666858196258545,0.5877403616905212,0.6638659834861755,0.5973557829856873
0.6641559600830078,0.5914964079856873,0.6614924073219299,0.5973557829856873
